-- H2 데이터베이스 호환 더미 데이터 INSERT 쿼리
-- H2 Database 기준으로 작성 (UUID 형식 수정)

INSERT INTO users (id, created_at, updated_at, name)
VALUES (X'550e8400e29b41d4a716446655440001', NOW(), NOW(), '김철수'),
       (X'550e8400e29b41d4a716446655440002', NOW(), NOW(), '이영희'),
       (X'550e8400e29b41d4a716446655440003', NOW(), NOW(), '박민수'),
       (X'550e8400e29b41d4a716446655440004', NOW(), NOW(), '최지은'),
       (X'550e8400e29b41d4a716446655440005', NOW(), NOW(), '정우진');

-- 11. Image Owner Model Entity 데이터 INSERT (제품과 리뷰를 이미지 소유자로 등록)
INSERT INTO image_owner_model (id, owner_type, created_at, updated_at)
VALUES
-- 제품들
(X'bb0e8400e29b41d4a716446655440001', 'PRODUCT_POST', CURRENT_TIMESTAMP, CURRENT_TIMESTAMP),
(X'bb0e8400e29b41d4a716446655440002', 'PRODUCT_POST', CURRENT_TIMESTAMP, CURRENT_TIMESTAMP),
(X'bb0e8400e29b41d4a716446655440003', 'PRODUCT_POST', CURRENT_TIMESTAMP, CURRENT_TIMESTAMP),
(X'bb0e8400e29b41d4a716446655440004', 'PRODUCT_POST', CURRENT_TIMESTAMP, CURRENT_TIMESTAMP),
(X'bb0e8400e29b41d4a716446655440005', 'PRODUCT_POST', CURRENT_TIMESTAMP, CURRENT_TIMESTAMP),

-- 리뷰들
(X'cc0e8400e29b41d4a716446655440001', 'REVIEW', CURRENT_TIMESTAMP, CURRENT_TIMESTAMP),
(X'cc0e8400e29b41d4a716446655440002', 'REVIEW', CURRENT_TIMESTAMP, CURRENT_TIMESTAMP),
(X'cc0e8400e29b41d4a716446655440003', 'REVIEW', CURRENT_TIMESTAMP, CURRENT_TIMESTAMP);


-- 2. 제품 데이터 INSERT
INSERT INTO product (id, created_at, updated_at, description, name, price)
VALUES (X'660e8400e29b41d4a716446655440001', CURRENT_TIMESTAMP, CURRENT_TIMESTAMP, '최신 플래그십 스마트폰', '갤럭시 S24',
        1200000.00),
       (X'660e8400e29b41d4a716446655440002', CURRENT_TIMESTAMP, CURRENT_TIMESTAMP, '고성능 게이밍 노트북', 'MacBook Pro',
        2500000.00),
       (X'660e8400e29b41d4a716446655440003', CURRENT_TIMESTAMP, CURRENT_TIMESTAMP, '휴대용 태블릿 PC', 'iPad Air',
        800000.00),
       (X'660e8400e29b41d4a716446655440004', CURRENT_TIMESTAMP, CURRENT_TIMESTAMP, '노이즈 캔슬링 무선 이어폰', 'AirPods Pro',
        300000.00),
       (X'660e8400e29b41d4a716446655440005', CURRENT_TIMESTAMP, CURRENT_TIMESTAMP, '건강 관리 스마트 워치', 'Apple Watch',
        450000.00);

-- 3. 옵션 그룹 데이터 INSERT
INSERT INTO option_group (id, created_at, updated_at, product_id, display_order, name)
VALUES -- 갤럭시 S24 옵션 그룹
       (X'770e8400e29b41d4a716446655440001', CURRENT_TIMESTAMP, CURRENT_TIMESTAMP,
        X'660e8400e29b41d4a716446655440001', 1, '색상'),

       (X'770e8400e29b41d4a716446655440002', CURRENT_TIMESTAMP, CURRENT_TIMESTAMP,
        X'660e8400e29b41d4a716446655440001', 2, '용량'),

-- MacBook Pro 옵션 그룹
       (X'770e8400e29b41d4a716446655440003', CURRENT_TIMESTAMP, CURRENT_TIMESTAMP,
        X'660e8400e29b41d4a716446655440002', 1, '색상'),

       (X'770e8400e29b41d4a716446655440004', CURRENT_TIMESTAMP, CURRENT_TIMESTAMP,
        X'660e8400e29b41d4a716446655440002', 2, '용량'),

       -- iPad Air 옵션 그룹
       (X'770e8400e29b41d4a716446655440005', CURRENT_TIMESTAMP, CURRENT_TIMESTAMP,
        X'660e8400e29b41d4a716446655440003', 1, '색상'),

       (X'770e8400e29b41d4a716446655440006', CURRENT_TIMESTAMP, CURRENT_TIMESTAMP,
        X'660e8400e29b41d4a716446655440003', 2, '용량'),

       -- AirPods Pro 옵션 그룹
       (X'770e8400e29b41d4a716446655440007', CURRENT_TIMESTAMP, CURRENT_TIMESTAMP,
        X'660e8400e29b41d4a716446655440004', 1, '색상'),

       -- Apple Watch 옵션 그룹
       (X'770e8400e29b41d4a716446655440008', CURRENT_TIMESTAMP, CURRENT_TIMESTAMP,
        X'660e8400e29b41d4a716446655440005', 1, '색상'),

       (X'770e8400e29b41d4a716446655440009', CURRENT_TIMESTAMP, CURRENT_TIMESTAMP,
        X'660e8400e29b41d4a716446655440005', 2, '크기');

-- 4. 옵션 값 데이터 INSERT
INSERT INTO option_value (id, created_at, updated_at, name, display_order, option_group_id, price)
VALUES
-- 갤럭시 S24 색상 옵션
(X'880e8400e29b41d4a716446655440001', CURRENT_TIMESTAMP, CURRENT_TIMESTAMP, '퍼플', 1,
 X'770e8400e29b41d4a716446655440001', 0.00),
(X'880e8400e29b41d4a716446655440002', CURRENT_TIMESTAMP, CURRENT_TIMESTAMP, '크림', 2,
 X'770e8400e29b41d4a716446655440001', 0.00),
(X'880e8400e29b41d4a716446655440003', CURRENT_TIMESTAMP, CURRENT_TIMESTAMP, '코발트', 3,
 X'770e8400e29b41d4a716446655440001', 0.00),
-- 갤럭시 S24 용량 옵션
(X'880e8400e29b41d4a716446655440004', CURRENT_TIMESTAMP, CURRENT_TIMESTAMP, '128GB', 1,
 X'770e8400e29b41d4a716446655440002', 0.00),
(X'880e8400e29b41d4a716446655440005', CURRENT_TIMESTAMP, CURRENT_TIMESTAMP, '256GB', 2,
 X'770e8400e29b41d4a716446655440002', 200000.00),
(X'880e8400e29b41d4a716446655440006', CURRENT_TIMESTAMP, CURRENT_TIMESTAMP, '512GB', 3,
 X'770e8400e29b41d4a716446655440002', 400000.00),
-- MacBook Pro 색상 옵션
(X'880e8400e29b41d4a716446655440007', CURRENT_TIMESTAMP, CURRENT_TIMESTAMP, '스페이스 그레이', 1,
 X'770e8400e29b41d4a716446655440003', 0.00),
(X'880e8400e29b41d4a716446655440008', CURRENT_TIMESTAMP, CURRENT_TIMESTAMP, '실버', 2,
 X'770e8400e29b41d4a716446655440003', 0.00),
-- MacBook Pro 용량 옵션
(X'880e8400e29b41d4a716446655440009', CURRENT_TIMESTAMP, CURRENT_TIMESTAMP, '512GB', 1,
 X'770e8400e29b41d4a716446655440004', 0.00),
(X'880e8400e29b41d4a716446655440010', CURRENT_TIMESTAMP, CURRENT_TIMESTAMP, '1TB', 2,
 X'770e8400e29b41d4a716446655440004', 500000.00),
-- iPad Air 색상 옵션
(X'880e8400e29b41d4a716446655440011', CURRENT_TIMESTAMP, CURRENT_TIMESTAMP, '스페이스 그레이', 1,
 X'770e8400e29b41d4a716446655440005', 0.00),
(X'880e8400e29b41d4a716446655440012', CURRENT_TIMESTAMP, CURRENT_TIMESTAMP, '스타라이트', 2,
 X'770e8400e29b41d4a716446655440005', 0.00),
(X'880e8400e29b41d4a716446655440013', CURRENT_TIMESTAMP, CURRENT_TIMESTAMP, '핑크', 3,
 X'770e8400e29b41d4a716446655440005', 0.00),
-- iPad Air 용량 옵션
(X'880e8400e29b41d4a716446655440014', CURRENT_TIMESTAMP, CURRENT_TIMESTAMP, '64GB', 1,
 X'770e8400e29b41d4a716446655440006', 0.00),
(X'880e8400e29b41d4a716446655440015', CURRENT_TIMESTAMP, CURRENT_TIMESTAMP, '256GB', 2,
 X'770e8400e29b41d4a716446655440006', 150000.00),
-- AirPods Pro 색상 옵션
(X'880e8400e29b41d4a716446655440016', CURRENT_TIMESTAMP, CURRENT_TIMESTAMP, '화이트', 1,
 X'770e8400e29b41d4a716446655440007', 0.00),
-- Apple Watch 색상 옵션
(X'880e8400e29b41d4a716446655440017', CURRENT_TIMESTAMP, CURRENT_TIMESTAMP, '미드나이트', 1,
 X'770e8400e29b41d4a716446655440008', 0.00),
(X'880e8400e29b41d4a716446655440018', CURRENT_TIMESTAMP, CURRENT_TIMESTAMP, '스타라이트', 2,
 X'770e8400e29b41d4a716446655440008', 0.00),
-- Apple Watch 크기 옵션
(X'880e8400e29b41d4a716446655440019', CURRENT_TIMESTAMP, CURRENT_TIMESTAMP, '41mm', 1,
 X'770e8400e29b41d4a716446655440009', 0.00),
(X'880e8400e29b41d4a716446655440020', CURRENT_TIMESTAMP, CURRENT_TIMESTAMP, '45mm', 2,
 X'770e8400e29b41d4a716446655440009', 50000.00);

-- 5. 제품 변형 데이터 INSERT //userId는 판매자 정보인데 일단 임시로 구매자 정보가 들어가 있음
INSERT INTO product_variant (id, created_at, updated_at, product_id, user_id, sku_code, quantity)
VALUES (X'990e8400e29b41d4a716446655440001', CURRENT_TIMESTAMP, CURRENT_TIMESTAMP, X'660e8400e29b41d4a716446655440001',
        X'550e8400e29b41d4a716446655440001', 'GALX-S24-PUR-128', 5.0),

       (X'990e8400e29b41d4a716446655440002', CURRENT_TIMESTAMP, CURRENT_TIMESTAMP, X'660e8400e29b41d4a716446655440001',
        X'550e8400e29b41d4a716446655440001', 'GALX-S24-CRM-256', 5.0),

       (X'990e8400e29b41d4a716446655440003', CURRENT_TIMESTAMP, CURRENT_TIMESTAMP, X'660e8400e29b41d4a716446655440002',
        X'550e8400e29b41d4a716446655440002', 'MBP-SG-512', 5.0),

       (X'990e8400e29b41d4a716446655440004', CURRENT_TIMESTAMP, CURRENT_TIMESTAMP, X'660e8400e29b41d4a716446655440002',
        X'550e8400e29b41d4a716446655440002', 'MBP-SIL-1TB', 5.0),

       (X'990e8400e29b41d4a716446655440005', CURRENT_TIMESTAMP, CURRENT_TIMESTAMP, X'660e8400e29b41d4a716446655440003',
        X'550e8400e29b41d4a716446655440003', 'IPAD-SG-64', 5.0),

       (X'990e8400e29b41d4a716446655440006', CURRENT_TIMESTAMP, CURRENT_TIMESTAMP, X'660e8400e29b41d4a716446655440003',
        X'550e8400e29b41d4a716446655440003', 'IPAD-PINK-256', 5.0),

       (X'990e8400e29b41d4a716446655440007', CURRENT_TIMESTAMP, CURRENT_TIMESTAMP, X'660e8400e29b41d4a716446655440004',
        X'550e8400e29b41d4a716446655440004', 'AIRPODS-WHITE', 5.0),

       (X'990e8400e29b41d4a716446655440008', CURRENT_TIMESTAMP, CURRENT_TIMESTAMP, X'660e8400e29b41d4a716446655440005',
        X'550e8400e29b41d4a716446655440004', 'WATCH-MID-41', 5.0),

       (X'990e8400e29b41d4a716446655440009', CURRENT_TIMESTAMP, CURRENT_TIMESTAMP, X'660e8400e29b41d4a716446655440005',
        X'550e8400e29b41d4a716446655440005', 'WATCH-STAR-45', 5.0);

-- 6. 제품 포스트 데이터 INSERT (제품별 평점 정보)
INSERT INTO product_post (id, product_id, user_id, deleted, rating)
VALUES (X'bb0e8400e29b41d4a716446655440001',
        X'660e8400e29b41d4a716446655440001',
        X'550e8400e29b41d4a716446655440001', false, 4.5),
       (X'bb0e8400e29b41d4a716446655440002',
        X'660e8400e29b41d4a716446655440002',
        X'550e8400e29b41d4a716446655440002', false, 4.8),
       (X'bb0e8400e29b41d4a716446655440003',
        X'660e8400e29b41d4a716446655440003',
        X'550e8400e29b41d4a716446655440003', false, 5.0),
       (X'bb0e8400e29b41d4a716446655440004',
        X'660e8400e29b41d4a716446655440004',
        X'550e8400e29b41d4a716446655440004', false, 4.7),
       (X'bb0e8400e29b41d4a716446655440005',
        X'660e8400e29b41d4a716446655440005',
        X'550e8400e29b41d4a716446655440005', false, 4.3);


-- 7. 리뷰 데이터 INSERT (product_post_id 연결됨)
INSERT INTO review (id, deleted, product_post_id, users_id, rating, comment_text)
VALUES (X'cc0e8400e29b41d4a716446655440001', false,
        X'bb0e8400e29b41d4a716446655440001',
        X'550e8400e29b41d4a716446655440001', 4.5, '괜찮아요.'),
       (X'cc0e8400e29b41d4a716446655440002', false,
        X'bb0e8400e29b41d4a716446655440002',
        X'550e8400e29b41d4a716446655440002', 4.8, '좋아요.'),
       (X'cc0e8400e29b41d4a716446655440003', false,
        X'bb0e8400e29b41d4a716446655440003',
        X'550e8400e29b41d4a716446655440003', 5.0, '아주 좋아요.');

-- 8. 답글 데이터 INSERT
INSERT INTO reply (id, created_at, updated_at, deleted, users_id, review_id, comment_text)
VALUES (X'dd0e8400e29b41d4a716446655440001', CURRENT_TIMESTAMP, CURRENT_TIMESTAMP, false,
        X'550e8400e29b41d4a716446655440002',
        X'cc0e8400e29b41d4a716446655440001', '정말 좋은 제품이네요! 추천합니다.'),
       (X'dd0e8400e29b41d4a716446655440002', CURRENT_TIMESTAMP, CURRENT_TIMESTAMP, false,
        X'550e8400e29b41d4a716446655440003',
        X'cc0e8400e29b41d4a716446655440002', '배송도 빠르고 포장도 깔끔했어요.'),
       (X'dd0e8400e29b41d4a716446655440003', CURRENT_TIMESTAMP, CURRENT_TIMESTAMP, false,
        X'550e8400e29b41d4a716446655440004',
        X'cc0e8400e29b41d4a716446655440003', '가격 대비 성능이 우수합니다.');


-- 9. 장바구니 제품 데이터 INSERT
INSERT INTO shopping_basket_product (id, created_at, updated_at, product_variant, user_id, name, price, quantity)
VALUES (X'ee0e8400e29b41d4a716446655440001', CURRENT_TIMESTAMP, CURRENT_TIMESTAMP,
        X'990e8400e29b41d4a716446655440001',
        X'550e8400e29b41d4a716446655440001', '갤럭시 S24 퍼플 128GB', 1200000.00, 1.00),
       (X'ee0e8400e29b41d4a716446655440002', CURRENT_TIMESTAMP, CURRENT_TIMESTAMP,
        X'990e8400e29b41d4a716446655440003',
        X'550e8400e29b41d4a716446655440002', 'MacBook Pro 스페이스 그레이 512GB', 2500000.00, 1.00),
       (X'ee0e8400e29b41d4a716446655440003', CURRENT_TIMESTAMP, CURRENT_TIMESTAMP,
        X'990e8400e29b41d4a716446655440007',
        X'550e8400e29b41d4a716446655440003', 'AirPods Pro 화이트', 300000.00, 2.00),
       (X'ee0e8400e29b41d4a716446655440004', CURRENT_TIMESTAMP, CURRENT_TIMESTAMP,
        X'990e8400e29b41d4a716446655440005',
        X'550e8400e29b41d4a716446655440004', 'iPad Air 스페이스 그레이 64GB', 800000.00, 1.00),
       (X'ee0e8400e29b41d4a716446655440005', CURRENT_TIMESTAMP, CURRENT_TIMESTAMP,
        X'990e8400e29b41d4a716446655440008',
        X'550e8400e29b41d4a716446655440005', 'Apple Watch 미드나이트 41mm', 450000.00, 1.00),
       (X'ee0e8400e29b41d4a716446655440006', CURRENT_TIMESTAMP, CURRENT_TIMESTAMP,
        X'990e8400e29b41d4a716446655440002',
        X'550e8400e29b41d4a716446655440001', '갤럭시 S24 크림 256GB', 1400000.00, 1.00),
       (X'ee0e8400e29b41d4a716446655440007', CURRENT_TIMESTAMP, CURRENT_TIMESTAMP,
        X'990e8400e29b41d4a716446655440009',
        X'550e8400e29b41d4a716446655440002', 'Apple Watch 스타라이트 45mm', 500000.00, 1.00),
       (X'ee0e8400e29b41d4a716446655440008', CURRENT_TIMESTAMP, CURRENT_TIMESTAMP,
        X'990e8400e29b41d4a716446655440006',
        X'550e8400e29b41d4a716446655440003', 'iPad Air 핑크 256GB', 950000.00, 1.00),
       (X'ee0e8400e29b41d4a716446655440009', CURRENT_TIMESTAMP, CURRENT_TIMESTAMP,
        X'990e8400e29b41d4a716446655440004',
        X'550e8400e29b41d4a716446655440004', 'MacBook Pro 실버 1TB', 3000000.00, 1.00);

-- 10. 변형-옵션값 연결 데이터 INSERT
INSERT INTO variant_option_value (id, created_at, updated_at, product_variant_id, option_group_id, option_value_id)
VALUES
-- 갤럭시 S24 퍼플 128GB 변형 연결
(X'ff0e8400e29b41d4a716446655440001', CURRENT_TIMESTAMP, CURRENT_TIMESTAMP,
 X'990e8400e29b41d4a716446655440001',
 X'770e8400e29b41d4a716446655440001',
 X'880e8400e29b41d4a716446655440001'),
(X'ff0e8400e29b41d4a716446655440002', CURRENT_TIMESTAMP, CURRENT_TIMESTAMP,
 X'990e8400e29b41d4a716446655440001',
 X'770e8400e29b41d4a716446655440002',
 X'880e8400e29b41d4a716446655440004'),
-- 갤럭시 S24 크림 256GB 변형 연결
(X'ff0e8400e29b41d4a716446655440003', CURRENT_TIMESTAMP, CURRENT_TIMESTAMP,
 X'990e8400e29b41d4a716446655440002',
 X'770e8400e29b41d4a716446655440001',
 X'880e8400e29b41d4a716446655440002'),
(X'ff0e8400e29b41d4a716446655440004', CURRENT_TIMESTAMP, CURRENT_TIMESTAMP,
 X'990e8400e29b41d4a716446655440002',
 X'770e8400e29b41d4a716446655440002',
 X'880e8400e29b41d4a716446655440005'),
-- MacBook Pro 스페이스 그레이 512GB 변형 연결
(X'ff0e8400e29b41d4a716446655440005', CURRENT_TIMESTAMP, CURRENT_TIMESTAMP,
 X'990e8400e29b41d4a716446655440003',
 X'770e8400e29b41d4a716446655440003',
 X'880e8400e29b41d4a716446655440007'),
(X'ff0e8400e29b41d4a716446655440006', CURRENT_TIMESTAMP, CURRENT_TIMESTAMP,
 X'990e8400e29b41d4a716446655440003',
 X'770e8400e29b41d4a716446655440004',
 X'880e8400e29b41d4a716446655440009'),
-- MacBook Pro 실버 1TB 변형 연결
(X'ff0e8400e29b41d4a716446655440007', CURRENT_TIMESTAMP, CURRENT_TIMESTAMP,
 X'990e8400e29b41d4a716446655440004',
 X'770e8400e29b41d4a716446655440003',
 X'880e8400e29b41d4a716446655440008'),
(X'ff0e8400e29b41d4a716446655440008', CURRENT_TIMESTAMP, CURRENT_TIMESTAMP,
 X'990e8400e29b41d4a716446655440004',
 X'770e8400e29b41d4a716446655440004',
 X'880e8400e29b41d4a716446655440010'),
-- iPad Air 스페이스 그레이 64GB 변형 연결
(X'ff0e8400e29b41d4a716446655440009', CURRENT_TIMESTAMP, CURRENT_TIMESTAMP,
 X'990e8400e29b41d4a716446655440005',
 X'770e8400e29b41d4a716446655440005',
 X'880e8400e29b41d4a716446655440011'),
(X'ff0e8400e29b41d4a716446655440010', CURRENT_TIMESTAMP, CURRENT_TIMESTAMP,
 X'990e8400e29b41d4a716446655440005',
 X'770e8400e29b41d4a716446655440006',
 X'880e8400e29b41d4a716446655440014'),
-- iPad Air 핑크 256GB 변형 연결
(X'ff0e8400e29b41d4a716446655440011', CURRENT_TIMESTAMP, CURRENT_TIMESTAMP,
 X'990e8400e29b41d4a716446655440006',
 X'770e8400e29b41d4a716446655440005',
 X'880e8400e29b41d4a716446655440013'),
(X'ff0e8400e29b41d4a716446655440012', CURRENT_TIMESTAMP, CURRENT_TIMESTAMP,
 X'990e8400e29b41d4a716446655440006',
 X'770e8400e29b41d4a716446655440006',
 X'880e8400e29b41d4a716446655440015'),
-- AirPods Pro 화이트 변형 연결
(X'ff0e8400e29b41d4a716446655440013', CURRENT_TIMESTAMP, CURRENT_TIMESTAMP,
 X'990e8400e29b41d4a716446655440007',
 X'770e8400e29b41d4a716446655440007',
 X'880e8400e29b41d4a716446655440016'),
-- Apple Watch 미드나이트 41mm 변형 연결
(X'ff0e8400e29b41d4a716446655440014', CURRENT_TIMESTAMP, CURRENT_TIMESTAMP,
 X'990e8400e29b41d4a716446655440008',
 X'770e8400e29b41d4a716446655440008',
 X'880e8400e29b41d4a716446655440017'),
(X'ff0e8400e29b41d4a716446655440015', CURRENT_TIMESTAMP, CURRENT_TIMESTAMP,
 X'990e8400e29b41d4a716446655440008',
 X'770e8400e29b41d4a716446655440009',
 X'880e8400e29b41d4a716446655440019'),
-- Apple Watch 스타라이트 45mm 변형 연결
(X'ff0e8400e29b41d4a716446655440016', CURRENT_TIMESTAMP, CURRENT_TIMESTAMP,
 X'990e8400e29b41d4a716446655440009',
 X'770e8400e29b41d4a716446655440008',
 X'880e8400e29b41d4a716446655440018'),
(X'ff0e8400e29b41d4a716446655440017', CURRENT_TIMESTAMP, CURRENT_TIMESTAMP,
 X'990e8400e29b41d4a716446655440009',
 X'770e8400e29b41d4a716446655440009',
 X'880e8400e29b41d4a716446655440020');


-- 12. 이미지 매니저 데이터 INSERT
INSERT INTO image_manager (id, created_at, updated_at, entity_image_type, display_order, image_owner_model, image_url)
VALUES
-- 갤럭시 S24 이미지들
(X'aa0e8400e29b41d4a716446655440001', CURRENT_TIMESTAMP, CURRENT_TIMESTAMP, 'MAIN', 1,
 X'bb0e8400e29b41d4a716446655440001', 'https://example.com/images/galaxy_s24_main.jpg'),
(X'aa0e8400e29b41d4a716446655440002', CURRENT_TIMESTAMP, CURRENT_TIMESTAMP, 'DETAIL', 2,
 X'bb0e8400e29b41d4a716446655440001', 'https://example.com/images/galaxy_s24_detail1.jpg'),
(X'aa0e8400e29b41d4a716446655440003', CURRENT_TIMESTAMP, CURRENT_TIMESTAMP, 'DETAIL', 3,
 X'bb0e8400e29b41d4a716446655440001', 'https://example.com/images/galaxy_s24_detail2.jpg'),
(X'aa0e8400e29b41d4a716446655440004', CURRENT_TIMESTAMP, CURRENT_TIMESTAMP, 'THUMBNAIL', 4,
 X'bb0e8400e29b41d4a716446655440001', 'https://example.com/images/galaxy_s24_thumb.jpg'),

-- MacBook Pro 이미지들
(X'aa0e8400e29b41d4a716446655440005', CURRENT_TIMESTAMP, CURRENT_TIMESTAMP, 'MAIN', 1,
 X'bb0e8400e29b41d4a716446655440002', 'https://example.com/images/macbook_pro_main.jpg'),
(X'aa0e8400e29b41d4a716446655440006', CURRENT_TIMESTAMP, CURRENT_TIMESTAMP, 'DETAIL', 2,
 X'bb0e8400e29b41d4a716446655440002', 'https://example.com/images/macbook_pro_detail.jpg'),
(X'aa0e8400e29b41d4a716446655440007', CURRENT_TIMESTAMP, CURRENT_TIMESTAMP, 'THUMBNAIL', 3,
 X'bb0e8400e29b41d4a716446655440002', 'https://example.com/images/macbook_pro_thumb.jpg'),

-- iPad Air 이미지들
(X'aa0e8400e29b41d4a716446655440008', CURRENT_TIMESTAMP, CURRENT_TIMESTAMP, 'MAIN', 1,
 X'bb0e8400e29b41d4a716446655440003', 'https://example.com/images/ipad_air_main.jpg'),
(X'aa0e8400e29b41d4a716446655440009', CURRENT_TIMESTAMP, CURRENT_TIMESTAMP, 'DETAIL', 2,
 X'bb0e8400e29b41d4a716446655440003', 'https://example.com/images/ipad_air_detail.jpg'),
(X'aa0e8400e29b41d4a716446655440010', CURRENT_TIMESTAMP, CURRENT_TIMESTAMP, 'THUMBNAIL', 3,
 X'bb0e8400e29b41d4a716446655440003', 'https://example.com/images/ipad_air_thumb.jpg'),

-- AirPods Pro 이미지들
(X'aa0e8400e29b41d4a716446655440011', CURRENT_TIMESTAMP, CURRENT_TIMESTAMP, 'MAIN', 1,
 X'bb0e8400e29b41d4a716446655440004', 'https://example.com/images/airpods_pro_main.jpg'),
(X'aa0e8400e29b41d4a716446655440012', CURRENT_TIMESTAMP, CURRENT_TIMESTAMP, 'THUMBNAIL', 2,
 X'bb0e8400e29b41d4a716446655440004', 'https://example.com/images/airpods_pro_thumb.jpg'),

-- Apple Watch 이미지들
(X'aa0e8400e29b41d4a716446655440013', CURRENT_TIMESTAMP, CURRENT_TIMESTAMP, 'MAIN', 1,
 X'bb0e8400e29b41d4a716446655440005', 'https://example.com/images/apple_watch_main.jpg'),
(X'aa0e8400e29b41d4a716446655440014', CURRENT_TIMESTAMP, CURRENT_TIMESTAMP, 'THUMBNAIL', 2,
 X'bb0e8400e29b41d4a716446655440005', 'https://example.com/images/apple_watch_thumb.jpg'),

-- 리뷰 이미지들 (일부 리뷰에 첨부된 이미지)
(X'aa0e8400e29b41d4a716446655440015', CURRENT_TIMESTAMP, CURRENT_TIMESTAMP, 'DETAIL', 1,
 X'cc0e8400e29b41d4a716446655440001', 'https://example.com/images/review1_photo.jpg'),
(X'aa0e8400e29b41d4a716446655440016', CURRENT_TIMESTAMP, CURRENT_TIMESTAMP, 'DETAIL', 1,
 X'cc0e8400e29b41d4a716446655440002', 'https://example.com/images/review2_photo.jpg'),
(X'aa0e8400e29b41d4a716446655440017', CURRENT_TIMESTAMP, CURRENT_TIMESTAMP, 'DETAIL', 1,
 X'cc0e8400e29b41d4a716446655440003', 'https://example.com/images/review3_photo.jpg');
